Date,Price,Open,High,Low,Vol.,Change %
1-Jan-09,122.31,118.16,122.8,117.46,2.44,3.97
2-Jan-09,122.66,122.35,125.22,121.64,5.38,0.29
5-Jan-09,126.84,123.57,128.74,122.59,4.83,3.41
6-Jan-09,124.66,126.77,128.5,122.65,5.92,-1.72
7-Jan-09,124.26,127.76,127.96,114.37,9.01,-0.32
9-Jan-09,132.18,123.06,135.34,119.39,14.22,6.37
12-Jan-09,126.17,125.95,130.47,124.34,7.6,-4.55
13-Jan-09,129.4,122.98,132.19,120.18,13.36,2.56
14-Jan-09,132.67,129.97,137.26,129.97,5.96,2.53
15-Jan-09,125.65,128,128.74,122.67,7.17,-5.29
16-Jan-09,123.82,125.22,127.76,119.76,9.79,-1.46
19-Jan-09,123.27,127.49,127.49,119.95,6.87,-0.44
20-Jan-09,122.21,121.78,125.03,120.62,4.64,-0.86
21-Jan-09,121.19,120.87,123.33,119.39,3.67,-0.83
22-Jan-09,122.24,121.85,124.08,118.93,4.85,0.87
23-Jan-09,119.67,120.64,122.81,118.97,3.03,-2.1
27-Jan-09,122.86,120.87,126.77,120.87,5.24,2.67
28-Jan-09,124.92,116.98,125.54,116.98,4.79,1.68
29-Jan-09,125.4,126.05,127.51,122.12,10.02,0.38
30-Jan-09,125.94,124.31,126.77,122.66,8.71,0.43
2-Feb-09,120.94,125.25,125.25,119.92,3.23,-3.97
3-Feb-09,123.04,121.36,125.49,121.36,3.81,1.74
4-Feb-09,122.75,123.82,126.26,121.36,2.48,-0.24
5-Feb-09,118.87,123.08,123.72,117.73,4.34,-3.16
6-Feb-09,123.77,120.62,125.03,119.88,6.84,4.12
9-Feb-09,126.77,123.08,128.9,122.26,4.6,2.42
10-Feb-09,129.14,127.27,129.97,125.79,6.79,1.87
11-Feb-09,126.71,127.51,128.74,126.04,4.5,-1.88
12-Feb-09,125.52,126.04,126.95,124.09,2.84,-0.94
13-Feb-09,125.84,125.54,128,124.8,3.26,0.25
16-Feb-09,123.27,124.95,126.76,122.59,2.5,-2.04
17-Feb-09,119.45,122.1,123.03,118.16,2.95,-3.1
18-Feb-09,118.34,118.49,120.84,117.42,2.63,-0.93
19-Feb-09,120.5,118.65,121.31,117.91,3.48,1.83
20-Feb-09,116.69,119.76,120,114.29,4.77,-3.16
24-Feb-09,115.43,115.7,117.1,113.36,4.5,-1.08
25-Feb-09,118.34,115.7,119.34,115.7,5.52,2.52
26-Feb-09,118.7,118.4,120.77,117.42,8.81,0.3
27-Feb-09,118.92,118.65,120.37,112.07,6.75,0.19
2-ar-09,113.2,116.71,118.65,111.95,3.99,-4.81
3-ar-09,109.84,111.27,114.71,108.15,3.56,-2.97
4-ar-09,113.37,110.28,114.33,109.84,3.26,3.21
5-ar-09,114.02,114.45,115.92,112.74,4.28,0.57
6-ar-09,118.58,113.23,119.35,112.66,5.81,4
9-ar-09,113.97,115.97,118.16,112.99,4.54,-3.89
12-ar-09,117.52,113.64,119.39,113.64,8.62,3.11
13-ar-09,124.77,116.52,125.54,116.52,10.2,6.17
16-ar-09,127.96,125.54,128.69,123.67,4.67,2.56
17-ar-09,122.48,126.77,127.51,121.37,6.95,-4.28
18-ar-09,124.35,123.08,126.65,123.08,6.41,1.53
19-ar-09,126.76,124.44,127.51,123.47,7.38,1.94
20-ar-09,125.49,130.2,130.2,124.44,4.14,-1
23-ar-09,127.92,129.11,130.37,125.79,4.59,1.94
24-ar-09,128.41,128.55,131.08,126.08,6.68,0.38
25-ar-09,129.48,123.98,130.44,123.98,3.83,0.83
26-ar-09,137.47,126.2,142.27,126.2,15.23,6.17
27-ar-09,141.51,132.1,144,132.1,7.08,2.94
30-ar-09,128.8,131.39,140.31,127.51,5.15,-8.98
31-ar-09,132.57,129.24,133.89,129.24,4.78,2.93
1-Apr-09,134.04,131.94,136.32,128.13,6.72,1.11
2-Apr-09,142.47,134.32,144.5,134.32,8.5,6.29
6-Apr-09,142.66,143.96,146.22,141.72,5.41,0.13
8-Apr-09,148.72,144.03,151.07,138.1,10.19,4.25
9-Apr-09,148.33,150.65,152.6,146.28,6.59,-0.26
13-Apr-09,145.79,148.81,149.91,141.59,4.12,-1.71
15-Apr-09,142.21,135.77,143.22,135.4,9.77,-2.46
16-Apr-09,140.82,142.77,144.99,139.62,8.87,-0.98
17-Apr-09,141.08,141.99,147.57,139.11,6.66,0.18
20-Apr-09,138.2,136.07,143.22,136.07,5.33,-2.04
21-Apr-09,135.57,142.68,144.87,134.16,11.49,-1.9
22-Apr-09,133.65,137.85,138.98,132.23,6.58,-1.42
23-Apr-09,139.84,135.27,141.01,134.21,7.37,4.63
24-Apr-09,143.73,137.84,144.5,137.84,5.38,2.78
27-Apr-09,148.17,143.72,149.86,140.93,8.14,3.09
28-Apr-09,147.33,147.48,149.63,141.88,8.39,-0.57
29-Apr-09,153.51,148.19,154.84,148.19,10.53,4.19
4-ay-09,164.04,155.33,172.22,155.12,11.14,6.86
5-ay-09,160.25,164.68,166.15,156.58,8.82,-2.31
6-ay-09,156.4,157.11,159.93,151.39,52.52,-2.4
7-ay-09,155.5,156.56,158.77,152.45,7.74,-0.58
8-ay-09,155.32,154.59,158.04,152.25,9,-0.12
11-ay-09,151.45,157.17,157.46,149.91,5.3,-2.49
12-ay-09,157.81,150.16,158.97,150.16,9.49,4.2
13-ay-09,153.04,158.04,158.75,151.39,7.32,-3.02
14-ay-09,152.57,152.13,154.34,149,9.44,-0.31
15-ay-09,158.54,153.61,161.2,153.61,10.94,3.91
18-ay-09,183.11,188.71,194.86,171.08,73.38,15.5
19-ay-09,164.87,184.62,184.62,161.38,13.02,-9.96
20-ay-09,166.57,164.93,172.79,163.21,8.51,1.03
21-ay-09,159.38,164.93,168.62,158.53,4.46,-4.32
22-ay-09,156.08,155.08,158.77,155.08,5.86,-2.07
25-ay-09,155.41,156.56,158.53,153.27,5.67,-0.43
26-ay-09,153.72,156.3,157.46,152.74,6.06,-1.09
27-ay-09,159.65,155.28,160.5,155.28,9.22,3.86
28-ay-09,163.25,153.46,165.89,153.46,16.86,2.25
29-ay-09,173.45,164.62,174.78,160.66,13.87,6.25
1-Jun-09,171.74,165.75,174.74,165.75,7.91,-0.99
2-Jun-09,171.02,172.31,174.78,169.85,4.12,-0.42
3-Jun-09,171.54,169.85,173.48,168.15,3.91,0.3
4-Jun-09,174.09,169.11,174.53,168.95,7.02,1.49
5-Jun-09,177.57,174.53,179.38,171.42,13.22,2
8-Jun-09,182.68,178.39,184.56,177.24,9.27,2.88
9-Jun-09,192.54,179.97,195.7,179.97,9.69,5.4
10-Jun-09,192.45,193.24,198.16,188.87,9.38,-0.05
11-Jun-09,190.8,193.98,195.07,189.54,3.88,-0.86
12-Jun-09,188.2,193.24,195.65,187.38,6.36,-1.36
15-Jun-09,191.51,188.24,193.24,185.85,6.6,1.76
16-Jun-09,191.59,188.71,193.73,182.75,4.34,0.04
17-Jun-09,186.47,192.99,194.47,184.62,3.74,-2.67
18-Jun-09,185.31,186.1,193.48,183.17,4.75,-0.62
19-Jun-09,186.98,185.61,192.99,184.62,7.73,0.9
22-Jun-09,181.99,189.25,190.92,181.18,4.11,-2.67
23-Jun-09,180.51,177.24,185.98,176.25,5.14,-0.81
24-Jun-09,187.94,183.61,191.27,177.34,7.3,4.12
25-Jun-09,187.33,188.07,192.99,182.31,9.69,-0.32
26-Jun-09,195.65,188.31,199.1,185.38,6.1,4.44
29-Jun-09,190.14,196.86,197.91,188.73,4.75,-2.82
30-Jun-09,191.93,190.78,195.95,188.63,5.92,0.94
1-Jul-09,193.46,190.58,194.47,188.29,3.68,0.8
2-Jul-09,192.01,192.01,194.62,187.67,3.72,-0.75
3-Jul-09,192.47,189.54,193.19,189.54,2.92,0.24
6-Jul-09,187.43,195.45,196.17,186.27,4.49,-2.62
7-Jul-09,191.59,189.05,193.61,187.08,3.8,2.22
8-Jul-09,187.65,191.37,191.46,181.3,6.69,-2.06
9-Jul-09,191.1,188.12,192.55,182.65,3.96,1.84
10-Jul-09,194.54,192.5,197.64,192.01,7.47,1.8
13-Jul-09,195.7,192.01,197.42,191.14,5.12,0.6
14-Jul-09,200.35,199.39,202.39,197.13,4.46,2.38
15-Jul-09,208.33,202.3,210.37,201.85,4.47,3.98
16-Jul-09,206.68,210.71,214.06,203.43,7.6,-0.79
17-Jul-09,213.72,207.47,219.45,207.27,9.09,3.41
20-Jul-09,246.43,219.08,253.5,219.08,34.54,15.31
21-Jul-09,235.13,247.64,252.64,233.39,13.01,-4.59
22-Jul-09,229.57,238.14,238.78,222.68,10.67,-2.36
23-Jul-09,234.17,231.88,237.74,231.39,7.66,2
24-Jul-09,237.3,241.24,241.24,234.35,7.91,1.34
27-Jul-09,236.46,237.3,240.72,234.89,4.65,-0.35
28-Jul-09,236.64,238.46,238.75,232.03,6.33,0.08
29-Jul-09,246.06,236.32,248.48,233.85,11.07,3.98
30-Jul-09,262.46,248.75,268.32,241.36,15.67,6.67
31-Jul-09,258.94,265.36,265.86,256.7,5.63,-1.34
3-Aug-09,261.74,260.93,263.32,256.55,3.52,1.08
4-Aug-09,261.01,256.25,266.45,256.25,5.48,-0.28
5-Aug-09,260.44,260.69,264.35,249.88,6.42,-0.22
6-Aug-09,254.73,260.44,263.1,253.15,4.18,-2.19
7-Aug-09,250.64,254.33,256.97,249.17,4.55,-1.61
10-Aug-09,265.39,253.62,271.64,253.05,10.62,5.88
11-Aug-09,266.79,264.62,274.72,262.95,8.84,0.53
12-Aug-09,255.84,263.39,263.89,251.58,11.33,-4.1
13-Aug-09,259.33,263.1,263.1,255.81,10.03,1.36
14-Aug-09,256.75,260.93,260.93,255.02,5.15,-0.99
17-Aug-09,251.16,254.43,254.78,248.75,5.96,-2.18
18-Aug-09,250.52,248.62,253.47,245.92,8.15,-0.25
19-Aug-09,245.2,252.46,253.4,243.21,5.6,-2.12
20-Aug-09,246.65,248.57,250.3,245.23,3.66,0.59
21-Aug-09,250.72,247.15,252.32,243.7,6.93,1.65
24-Aug-09,256.77,254.01,258.89,252.83,4.21,2.41
25-Aug-09,260.1,255.02,261.42,253.1,5.53,1.3
26-Aug-09,270.04,259.31,273.24,259.23,8.85,3.82
27-Aug-09,269.67,270.78,278.66,266.35,10.23,-0.14
28-Aug-09,266.25,268.69,270.78,261.47,4.56,-1.27
31-Aug-09,259.48,261.42,262.8,256.65,7.17,-2.54
1-Sep-09,259.41,263.39,264.06,255.57,9.86,-0.03
2-Sep-09,263.2,256.5,267.28,256.5,8.16,1.46
3-Sep-09,262.73,265.81,268.02,261.15,7.8,-0.18
4-Sep-09,261.87,265.86,267.82,259.55,6.26,-0.33
7-Sep-09,271.25,263.79,272.53,262.7,5.93,3.58
8-Sep-09,273.07,271.71,280.87,270.61,9.89,0.67
9-Sep-09,275.92,273.73,278.06,267.41,7.53,1.04
10-Sep-09,274,277.67,280.13,271.79,4.9,-0.7
11-Sep-09,275.87,276.19,280.13,273.49,9.13,0.68
14-Sep-09,275.26,262.73,277.62,262.73,3.2,-0.22
15-Sep-09,281.56,277.67,283.43,276.69,4.31,2.29
16-Sep-09,280.87,285.06,285.52,278.26,5.82,-0.25
17-Sep-09,287,283.09,289.49,282.1,5.28,2.18
18-Sep-09,287.52,288.01,290.47,285.06,3.93,0.18
22-Sep-09,296.7,290.45,298.35,286.66,3.76,3.19
23-Sep-09,290.91,299.33,301.13,289.12,4.52,-1.95
24-Sep-09,296.65,289.49,299.97,286.53,6.8,1.97
25-Sep-09,289.19,273.24,294.41,273.24,3.07,-2.51
29-Sep-09,300.51,292.91,302.51,290.96,7.15,3.91
30-Sep-09,305.73,302.75,306.62,301.4,4.37,1.74
1-Oct-09,310.09,304.26,319.96,302.8,5.69,1.43
5-Oct-09,302.93,304.6,314.6,300.81,6.26,-2.31
6-Oct-09,302.39,307.68,309.38,297.86,7.45,-0.18
7-Oct-09,291.31,304.7,304.7,289.81,10.08,-3.66
8-Oct-09,281.31,292.93,294.78,279.89,10.16,-3.43
9-Oct-09,276.56,283.11,290.67,274.05,10.03,-1.69
12-Oct-09,285.47,279.15,287.64,277.45,5.17,3.22
14-Oct-09,291.92,287.99,294.41,285.89,3.98,2.26
15-Oct-09,286.43,292.44,294.36,283.09,4.23,-1.88
16-Oct-09,294.56,278.66,297.56,278.66,7.19,2.84
17-Oct-09,299.73,319.37,319.37,297.86,2.32,1.76
20-Oct-09,305.76,302.29,308.1,301.33,7.84,2.01
21-Oct-09,311.54,305.24,314.79,304.26,5.73,1.89
22-Oct-09,308.12,311.15,317.03,302.95,4.29,-1.1
23-Oct-09,314.99,310.21,317.99,309.97,7.49,2.23
26-Oct-09,317.33,316.56,323.78,312.63,4.07,0.74
27-Oct-09,316.44,323.9,323.9,312.4,3.94,-0.28
28-Oct-09,316.49,316.27,319.47,312.63,3.58,0.02
29-Oct-09,312.16,313.12,317.8,310.76,4.88,-1.37
30-Oct-09,309.33,316.07,319.4,305.24,2.88,-0.91
3-Nov-09,298.37,313.12,313.12,295.89,2.77,-3.54
4-Nov-09,308.05,300.86,309.18,300.32,4.56,3.24
5-Nov-09,307.46,310.16,310.16,298.15,2.73,-0.19
6-Nov-09,306.3,305.24,312.6,302.11,4.18,-0.38
9-Nov-09,306.6,307.7,309.18,302.78,3.43,0.1
10-Nov-09,308.52,308.2,309.67,305.24,4.61,0.63
11-Nov-09,317.67,308.71,318.53,304.5,4.05,2.97
12-Nov-09,322.64,317.55,325.67,316.84,4.73,1.56
13-Nov-09,329.93,322.45,332.27,318.8,4.6,2.26
16-Nov-09,327.77,329.86,333.3,324.93,3.52,-0.65
17-Nov-09,339.93,328.87,341.13,324.59,5.34,3.71
18-Nov-09,338.18,340.2,347.43,336.5,5.58,-0.51
19-Nov-09,334.73,339.65,340.89,329.61,3.46,-1.02
20-Nov-09,341.25,333.8,342.66,329.91,2.8,1.95
23-Nov-09,341.72,342.17,344.63,337.73,2.54,0.14
24-Nov-09,344.16,346.6,346.6,335.77,2.72,0.71
25-Nov-09,346.01,344.16,350.36,340.69,3.89,0.54
26-Nov-09,338.67,347.06,348.25,337.24,4.41,-2.12
27-Nov-09,330.08,333.08,337.93,322.47,3.77,-2.54
30-Nov-09,338.92,331.83,341.16,331.83,3.88,2.68
1-Dec-09,337.61,346.3,346.3,334.9,3.23,-0.39
2-Dec-09,336.9,342.14,342.14,333.33,2.16,-0.21
3-Dec-09,339.73,338.6,342.61,334.41,2.98,0.84
4-Dec-09,342.26,335.27,345.12,335.27,3.93,0.74
7-Dec-09,344.33,343.64,347.53,342.17,2.21,0.6
8-Dec-09,343.79,344.55,345.05,339.83,4.23,-0.16
9-Dec-09,347.93,343.64,349.99,341.28,4.71,1.2
10-Dec-09,347.41,347.09,349.55,345.59,1.66,-0.15
11-Dec-09,347.63,348.15,351.72,344.63,2.69,0.06
14-Dec-09,347.14,345.12,350.51,345.05,3.01,-0.14
15-Dec-09,345.09,348.57,350.54,343.25,2.09,-0.59
16-Dec-09,351.1,345.46,353.37,342.17,3.57,1.74
17-Dec-09,355.83,353.49,358.41,352.01,3.78,1.35
18-Dec-09,358.17,355.83,360.14,354.25,2.8,0.66
21-Dec-09,361.39,359.45,368.75,357.67,9.33,0.9
22-Dec-09,356.47,364.32,365.55,354.08,3.19,-1.36
23-Dec-09,367.54,358.63,369,357.21,4.47,3.11
24-Dec-09,368.9,369.24,372.69,364.84,3.06,0.37
29-Dec-09,365.01,369.24,370.13,362.67,2.26,-1.05
30-Dec-09,365.67,365.3,368.63,352.14,1.47,0.18
31-Dec-09,369.37,367.4,371.7,366.19,2.85,1.01
4-Jan-10,370.06,371.61,373.63,368.78,1.96,0.19
5-Jan-10,370.15,371.7,373.95,367.54,2.01,0.02
6-Jan-10,361.78,370.15,370.33,360.87,3.35,-2.26
7-Jan-10,351.72,362.1,364.02,350.04,6.47,-2.78
8-Jan-10,344.53,352.5,353.74,342.9,6.05,-2.04
11-Jan-10,351.62,346.6,354.52,344.82,4.32,2.06
12-Jan-10,369.27,360.38,371.21,357.92,9.03,5.02
13-Jan-10,388.22,366.78,392.09,366.61,10.91,5.13
14-Jan-10,383.94,393.1,393.1,378.77,10.33,-1.1
15-Jan-10,389.63,391.89,393.66,380.2,7.95,1.48
18-Jan-10,394.94,393.86,408.14,390.41,7.26,1.36
19-Jan-10,384.36,394.94,394.94,383.35,5.15,-2.68
20-Jan-10,383.72,390.02,390.02,379.53,4.35,-0.17
21-Jan-10,379.41,380.2,389.9,378.06,5.09,-1.12
22-Jan-10,373.11,374.66,376.63,366.63,7.57,-1.66
25-Jan-10,372.3,372.94,376.87,364.89,3.01,-0.22
27-Jan-10,365.94,369.24,374.02,364.39,4.84,-1.71
28-Jan-10,365.18,369,373.16,358.26,6.54,-0.21
29-Jan-10,362.45,361.37,364.22,350.61,5.47,-0.75
1-Feb-10,367.35,361.54,375.55,354.47,3.38,1.35
2-Feb-10,363.53,371.7,375.47,361.86,4.74,-1.04
3-Feb-10,370.7,366.29,372.64,362.1,2.98,1.97
4-Feb-10,363.68,370.7,371.16,360.63,2.72,-1.89
5-Feb-10,356.2,361.86,361.86,352.8,4.61,-2.06
6-Feb-10,359.25,358.41,360.63,355.04,158.97,0.86
8-Feb-10,356.52,358.9,361.74,348.64,4.17,-0.76
9-Feb-10,361.93,356.94,365.28,354.99,3.01,1.52
10-Feb-10,360.53,364.27,366.14,358.46,2.34,-0.39
11-Feb-10,365.65,363.31,368.23,361.86,2.41,1.42
15-Feb-10,367.35,369.24,369.24,363.61,1.96,0.46
16-Feb-10,373.26,367.89,376.6,365.4,1.66,1.61
17-Feb-10,373.5,376.58,378.08,370.5,2.53,0.06
18-Feb-10,373.58,374.17,377.59,371.95,1.81,0.02
19-Feb-10,369.51,371.66,373.92,367.18,2.22,-1.09
22-Feb-10,372.81,372.69,375.99,371.11,2.14,0.89
23-Feb-10,375.2,373.67,376.63,369.86,1.85,0.64
24-Feb-10,376.8,372.2,379.43,370.28,4.08,0.43
25-Feb-10,377.24,378.99,378.99,374.78,2.67,0.12
26-Feb-10,375.05,377.66,383.3,367.35,3.02,-0.58
2-ar-10,375.74,375.15,378.6,371.7,4.05,0.18
3-ar-10,378.47,378.6,381.06,376.21,2.75,0.73
4-ar-10,376.09,378.11,379.09,372.69,2.05,-0.63
5-ar-10,375.45,376.63,377.59,374.24,1.29,-0.17
8-ar-10,375.5,377.91,379.09,374.31,3.02,0.01
9-ar-10,378.45,375.64,383.27,375.64,3.46,0.79
10-ar-10,384.04,375.99,386.2,374.17,4.59,1.48
11-ar-10,389.72,384.04,391.35,380.05,3.21,1.48
12-ar-10,392.36,393.86,393.86,389.92,2.51,0.68
15-ar-10,402.72,392.36,403.71,389.5,6.05,2.64
16-ar-10,408.14,404.44,409.59,401.64,3.09,1.35
17-ar-10,413.9,410.6,416.46,408.63,4.17,1.41
18-ar-10,406.59,416.01,416.01,403.95,3.72,-1.77
19-ar-10,404.15,396.44,410.82,396.44,4.72,-0.6
22-ar-10,407.45,401.2,410.5,396.89,3.31,0.82
23-ar-10,407.96,408.63,410.11,404.74,1.69,0.13
25-ar-10,408.53,405.72,411.98,402.72,5.52,0.14
26-ar-10,406.19,408.63,411.58,404.84,2,-0.57
29-ar-10,399.74,405.68,408.28,398.07,3.44,-1.59
30-ar-10,393.86,398.09,401.79,392.46,3.1,-1.47
31-ar-10,384.33,393.86,397.43,382.68,7.08,-2.42
1-Apr-10,397.7,387.14,398.68,385.05,5.78,3.48
5-Apr-10,395.51,402.23,402.23,393.49,3,-0.55
6-Apr-10,391.91,398.24,398.24,389.99,3.7,-0.91
7-Apr-10,392.9,388.94,398.29,384.58,3.02,0.25
8-Apr-10,393.59,391.89,397.55,388.94,4.49,0.18
9-Apr-10,389.72,394.84,397.75,388.07,3.02,-0.98
12-Apr-10,392.92,389.43,393.86,388.99,2.87,0.82
13-Apr-10,404.12,393.86,405.58,387.58,8.4,2.85
15-Apr-10,404.54,404.69,411.04,403.24,4.29,0.1
16-Apr-10,401.29,403.21,407.64,399.69,3.81,-0.8
19-Apr-10,399.74,398.78,406.17,394.23,6.95,-0.39
20-Apr-10,388.69,406.17,409.93,387.46,12.02,-2.76
21-Apr-10,386.47,391.4,393.37,384.14,7.11,-0.57
22-Apr-10,386.94,388.49,390.73,384.51,4.75,0.12
23-Apr-10,384.11,387.98,389.92,382.78,4.31,-0.73
26-Apr-10,386.52,386.97,389.43,384.11,2.51,0.63
27-Apr-10,387.61,386.94,388.89,384.53,2.62,0.28
28-Apr-10,379.24,384.01,385.96,376.63,2.4,-2.16
29-Apr-10,374.04,381.6,381.67,372,4.62,-1.37
30-Apr-10,376.83,376.63,380.47,375.42,3.69,0.75
3-ay-10,377.51,374.78,379.78,371.26,2.42,0.18
4-ay-10,374.66,381.48,381.48,372.59,2.9,-0.75
5-ay-10,377,369.24,378.11,364.39,4.37,0.62
6-ay-10,377.66,378.08,379.53,373.77,2.58,0.18
7-ay-10,365.01,372.69,375.45,361.86,4.27,-3.35
10-ay-10,379.21,374.17,415.03,366.78,2.33,3.89
11-ay-10,372.35,381.55,383.52,371.16,1.35,-1.81
12-ay-10,373.9,372.69,378.08,369.78,2.74,0.42
13-ay-10,376.92,376.68,380.67,374.88,1.32,0.81
14-ay-10,376.06,377.12,382.54,371.7,2.03,-0.23
17-ay-10,367.15,381.53,381.53,361.42,3.72,-2.37
18-ay-10,361.91,367.27,367.27,357.58,3.2,-1.43
19-ay-10,355.21,359.4,360.87,352.65,3.93,-1.85
20-ay-10,359.4,358.9,360.53,352.58,2.4,1.18
21-ay-10,353.83,349.55,357.38,337.37,2.68,-1.55
24-ay-10,353.29,356.94,359.4,350.88,2.89,-0.15
25-ay-10,344.41,348.57,351.52,340.47,2.3,-2.51
26-ay-10,363.34,348.57,366.68,346.65,3.69,5.5
27-ay-10,365.23,361.86,369.22,358.02,6.88,0.52
28-ay-10,369.64,369.14,370.97,362.1,2.48,1.21
31-ay-10,365.82,368.5,370.67,363.34,3.33,-1.03
1-Jun-10,363.93,365.82,370.2,361.71,3.14,-0.52
2-Jun-10,371.34,363.24,373.92,362.5,2.77,2.04
3-Jun-10,376.85,374.17,378.6,366.83,1.68,1.48
4-Jun-10,376.8,376.85,378.94,371.8,1.37,-0.01
7-Jun-10,370.84,369.19,373.08,362.35,1.73,-1.58
8-Jun-10,369.34,371.21,375.15,367.77,2.24,-0.4
9-Jun-10,360.9,370.23,373.45,359.89,4.87,-2.29
10-Jun-10,369.49,359.4,370.72,359.4,1.8,2.38
11-Jun-10,373.72,375.05,375.79,369.74,3.24,1.14
14-Jun-10,384.51,375.82,387.51,373.18,3.55,2.89
15-Jun-10,377.17,372.52,382.88,372.52,2.64,-1.91
16-Jun-10,381.45,382.59,383.99,377.76,2.33,1.13
17-Jun-10,381.7,382.54,386.38,375.99,1.53,0.07
18-Jun-10,385.59,381.7,388.39,380.2,2.23,1.02
21-Jun-10,387.8,390.36,390.91,386.28,1.91,0.57
22-Jun-10,383.35,386.47,387.21,380.71,1.47,-1.15
23-Jun-10,387.11,379.09,388.42,379.02,2.96,0.98
24-Jun-10,380.79,387.11,388.2,377.96,3.78,-1.63
25-Jun-10,373.43,381.95,381.95,372.25,2.04,-1.93
28-Jun-10,376.51,373.4,377.69,372.99,1.15,0.82
29-Jun-10,371.11,376.63,376.63,368.75,2.61,-1.43
30-Jun-10,369.74,371.7,374.12,364.94,3.32,-0.37
1-Jul-10,360.38,369.24,369.24,357.3,3.41,-2.53
2-Jul-10,366.19,361.76,367.27,359.82,2.94,1.61
5-Jul-10,363.83,368.65,368.7,362.89,2.17,-0.64
6-Jul-10,373.75,362.6,375.1,362.28,2.76,2.73
7-Jul-10,376.43,374.86,377.81,368.73,2.15,0.72
8-Jul-10,382.44,380.07,383.52,378.92,2.19,1.6
9-Jul-10,381.28,384.01,385.98,379.46,1.84,-0.3
12-Jul-10,389.77,383.91,390.91,383.91,2.73,2.23
13-Jul-10,381.38,389.92,389.92,378.87,5.55,-2.15
14-Jul-10,381.38,383.03,386.33,379.21,2.83,0
15-Jul-10,385.05,379.58,386.43,376.75,3.8,0.96
16-Jul-10,410.43,391.4,412.81,391.4,19.14,6.59
19-Jul-10,407,409.34,410.94,405.31,3.03,-0.84
20-Jul-10,407.28,407,410.87,406.17,2.34,0.07
21-Jul-10,415.03,409.61,415.92,408.43,2.94,1.9
22-Jul-10,415.37,415.03,416.51,409.86,1.36,0.08
23-Jul-10,413.21,418.48,418.48,411.14,1.89,-0.52
26-Jul-10,418.11,414.73,419.26,413.75,2.77,1.19
27-Jul-10,418.06,420.94,423.3,416.6,2.11,-0.01
28-Jul-10,420.67,418.97,422.39,417,4.36,0.62
29-Jul-10,418.48,420.94,420.94,417.98,5.33,-0.52
30-Jul-10,413.45,417.98,418.48,411.09,1.28,-1.2
2-Aug-10,412.72,415.03,417.71,412.08,2.83,-0.18
3-Aug-10,409.64,414.04,415.77,407.92,1.28,-0.75
4-Aug-10,427.73,411.58,429.31,411.51,5.58,4.42
5-Aug-10,432.19,429.31,434.43,426.18,2.91,1.04
6-Aug-10,425.71,433.25,434.97,423.72,2.44,-1.5
9-Aug-10,433.17,423.97,435.07,416.56,4.26,1.75
10-Aug-10,425.61,435.71,435.71,424.09,1.55,-1.75
11-Aug-10,422.49,424.38,429.8,420.84,4.02,-0.73
12-Aug-10,420.17,421.87,421.87,416.6,2.28,-0.55
13-Aug-10,420.64,421.92,424.83,412.57,2.59,0.11
16-Aug-10,420.49,421.92,424.65,417.89,1.32,-0.04
17-Aug-10,418.57,418.53,423.89,415.52,1.73,-0.46
18-Aug-10,428.86,419.95,431.18,418.48,2.89,2.46
19-Aug-10,429.33,430.29,433.69,426.99,2.15,0.11
20-Aug-10,427.81,427.83,433.2,424.88,1.75,-0.35
23-Aug-10,428.52,423.4,431.01,421.95,1.05,0.17
24-Aug-10,428.67,428.32,434.18,425.86,2.65,0.04
25-Aug-10,428.91,429.31,433.98,426.5,2.38,0.06
26-Aug-10,431.52,430.29,432.75,423.52,4.2,0.61
27-Aug-10,421.45,429.36,429.8,418.97,1.28,-2.33
30-Aug-10,416.33,424.78,424.78,413.6,1.56,-1.21
31-Aug-10,415.4,413.55,417.34,408.73,2.45,-0.22
1-Sep-10,422.61,414.54,423.89,413.55,2.75,1.74
2-Sep-10,415.57,427.09,427.09,414.29,2.76,-1.67
3-Sep-10,412.22,418.48,419.21,411.14,2.78,-0.81
6-Sep-10,421.11,412.57,422.17,412.57,2.29,2.16
7-Sep-10,428.99,422.41,430.73,421.43,2.48,1.87
8-Sep-10,432.78,425.37,434.67,422.86,4.19,0.88
9-Sep-10,430.64,434.23,434.48,428.99,2.94,-0.49
13-Sep-10,433.12,428.99,437.68,428.67,2.35,0.58
14-Sep-10,440.8,434.72,442.6,433.39,3.07,1.77
15-Sep-10,450.38,443.09,452.64,442.6,5.56,2.17
16-Sep-10,440.83,447.03,449.71,425.61,2.33,-2.12
17-Sep-10,449.89,443.14,452.32,443.14,3.01,2.06
20-Sep-10,449.12,451.46,453.87,446.39,2.42,-0.17
21-Sep-10,469.65,449,471.65,448.16,5,4.57
22-Sep-10,460.45,470.66,472.63,457.86,4.03,-1.96
23-Sep-10,458.53,462.79,465.39,456.78,3.33,-0.42
24-Sep-10,458.82,459.39,461.75,455.4,2.74,0.06
27-Sep-10,456.68,460.32,463.5,453.92,3.42,-0.47
28-Sep-10,452.77,455.52,458.01,450.03,2.52,-0.86
29-Sep-10,453.11,455.4,461.43,450.43,3.37,0.08
30-Sep-10,456.36,455.4,457.86,450.55,7.56,0.72
1-Oct-10,473.42,456.38,475.59,453.92,3.33,3.74
4-Oct-10,470.56,475.95,480.02,469.19,2.14,-0.6
5-Oct-10,467.83,467.71,475.56,465.81,2.21,-0.58
6-Oct-10,472.46,467.71,476.52,467.71,1.84,0.99
7-Oct-10,467.12,472.63,475.59,462,1.97,-1.13
8-Oct-10,464.07,464.78,470.02,427.83,2.7,-0.65
11-Oct-10,463.23,464.07,469.65,457.39,3.07,-0.18
12-Oct-10,468.05,464.09,470.56,462.34,2.61,1.04
13-Oct-10,488.8,470.64,491.19,467.27,5.35,4.43
14-Oct-10,485.46,490.8,494.29,483.63,2.95,-0.68
15-Oct-10,467.86,491.83,497.74,465.25,5.72,-3.63
18-Oct-10,483.09,477.55,484.45,457.86,4.48,3.26
19-Oct-10,476.45,483.46,486.12,474.65,2.2,-1.37
20-Oct-10,474.23,474.85,482.72,470.76,2.21,-0.47
21-Oct-10,485.53,479.55,489.3,477.55,3.75,2.38
22-Oct-10,512.12,503.16,516.65,503.16,9.61,5.48
25-Oct-10,525.29,513.49,528.24,510.64,5.16,2.57
26-Oct-10,523.14,523.59,525.68,512.78,3.51,-0.41
27-Oct-10,516.05,521.86,525.21,513.77,2.14,-1.36
28-Oct-10,518.37,516.94,525.58,512.02,5.26,0.45
29-Oct-10,518.37,521.86,521.86,507.59,2.21,0
1-Nov-10,518.61,517.95,525.01,516.5,1.15,0.05
2-Nov-10,516.67,519.4,521.86,513.84,1.57,-0.37
3-Nov-10,518.32,517.38,531.22,516.15,2.22,0.32
4-Nov-10,526.37,522.85,531.02,522.6,1.72,1.55
5-Nov-10,530.6,533.14,533.63,529.42,358.97,0.8
8-Nov-10,525.88,531.71,532.89,522.9,2.25,-0.89
9-Nov-10,537.18,528.71,540.92,526.05,3.5,2.15
10-Nov-10,537.77,537.74,545.5,534.71,1.54,0.11
11-Nov-10,524.2,536.63,536.63,521,1.93,-2.52
12-Nov-10,519.85,521.86,526.74,516.05,1.8,-0.83
15-Nov-10,524.82,524.33,531.64,518.42,1.39,0.96
16-Nov-10,516.4,524.82,525.01,513.1,2.18,-1.6
18-Nov-10,513.4,527.77,527.77,512.02,2.77,-0.58
19-Nov-10,499.91,514.43,516.45,495.28,2.17,-2.63
22-Nov-10,511.57,500.2,513.49,497.99,2.22,2.33
23-Nov-10,507.12,509.06,514.48,498.43,1.68,-0.87
24-Nov-10,494.66,504.63,509.31,491.81,3.01,-2.46
25-Nov-10,503.06,497.27,512.95,495.82,5.86,1.7
26-Nov-10,515.59,504.63,518.91,504.63,3.62,2.49
29-Nov-10,527.43,519.4,530.97,517.06,4.52,2.3
30-Nov-10,529.74,522.11,534.69,518.47,4.81,0.44
1-Dec-10,532.65,523.83,538.21,523.83,3.78,0.55
2-Dec-10,539.49,537.13,541.16,529.27,4.1,1.28
3-Dec-10,540.25,538.14,547.96,537.2,2.03,0.14
6-Dec-10,542.39,541.56,546.48,539.24,1.93,0.4
7-Dec-10,535.4,541.56,541.56,532.74,2.16,-1.29
8-Dec-10,531.29,537.1,538.09,527.4,1.98,-0.77
9-Dec-10,528.07,533.53,540.23,525.85,2.58,-0.61
10-Dec-10,529.2,525.31,533.61,520.39,2.25,0.21
13-Dec-10,529.79,527.28,532.06,516.15,2.12,0.11
14-Dec-10,532.18,528.36,536.44,523.91,2.62,0.45
15-Dec-10,543.35,534.22,545.69,532.45,2.57,2.1
16-Dec-10,561.59,545.99,563.22,543.6,4.52,3.36
20-Dec-10,574.39,558.69,579.47,548.87,4.51,2.28
21-Dec-10,571.49,575.53,577.13,568.14,2.81,-0.5
22-Dec-10,566.05,574.54,575.53,560.14,3.19,-0.95
23-Dec-10,561.25,566.17,570.87,557.36,2.85,-0.85
24-Dec-10,561.79,558.3,565.58,554.23,1.62,0.1
27-Dec-10,561.84,563.71,570.83,560.36,1.66,0.01
28-Dec-10,564.38,561.84,566.62,561.27,1.01,0.45
29-Dec-10,569.59,565.68,572.08,564.72,1.04,0.92
30-Dec-10,576.12,567.4,578.38,567.4,3.85,1.15
31-Dec-10,573.88,577.25,580.94,571.98,1.53,-0.39
3-Jan-11,570.14,574.54,579.44,568.41,1.41,-0.65
4-Jan-11,563.59,573.02,574.12,560.31,2.5,-1.15
5-Jan-11,570.58,563.83,574,562.11,3.07,1.24
6-Jan-11,576.86,575.04,581.93,567.7,2.85,1.1
7-Jan-11,562.55,578.97,584.32,560.34,2.53,-2.48
10-Jan-11,556.77,564.94,565.68,551.9,3.95,-1.03
11-Jan-11,540.82,552.88,559.06,535.55,3.77,-2.86
12-Jan-11,559.26,546.43,566.96,545.5,3.16,3.41
13-Jan-11,553.5,555.81,569.1,549.53,5.59,-1.03
14-Jan-11,551.48,556.28,566.17,551.4,3.15,-0.36
17-Jan-11,559.97,551.99,564.47,551.4,3,1.54
18-Jan-11,592.04,577.99,595.17,573.24,8.48,5.73
19-Jan-11,587.34,592.49,595.22,583.4,2.95,-0.79
20-Jan-11,596.8,580.94,600.02,580.94,4.55,1.61
21-Jan-11,596.52,595.71,600.64,592.76,2.6,-0.05
24-Jan-11,595.32,590.79,600.64,589.93,2.02,-0.2
25-Jan-11,585.15,598.08,600.29,580.94,2.47,-1.71
27-Jan-11,590.49,584.66,595.69,581.73,4.71,0.91
28-Jan-11,581.61,588.33,592.56,573.68,3.01,-1.5
31-Jan-11,570.85,575.53,575.53,555.61,5.94,-1.85
1-Feb-11,566.25,573.56,573.56,557.8,4.21,-0.81
2-Feb-11,582.15,576.02,590.25,572.25,3.94,2.81
3-Feb-11,582.76,583.26,588.67,576.34,1.88,0.1
4-Feb-11,565.58,578.97,582.47,561.37,3.46,-2.95
7-Feb-11,556.89,577.74,577.74,554.6,2.58,-1.54
8-Feb-11,553.91,557.31,566.12,550.66,5.29,-0.54
9-Feb-11,540.72,552.63,556.13,533.53,6.01,-2.38
10-Feb-11,537,541.56,548.7,527.77,4.55,-0.69
11-Feb-11,536.44,533.73,543.62,519.85,2.95,-0.1
14-Feb-11,547.61,537.13,551.4,535.16,2.46,2.08
15-Feb-11,540.42,550.91,550.91,530.01,3.63,-1.31
16-Feb-11,539.83,544.02,546.33,532.2,2.46,-0.11
17-Feb-11,546.09,544.02,548.67,537.82,1.48,1.16
18-Feb-11,536.49,546.6,557.51,532.74,4.08,-1.76
21-Feb-11,560.56,536.63,565.19,520.98,5.66,4.49
22-Feb-11,560.63,552.71,565.04,551.4,3.31,0.01
23-Feb-11,554.14,555.42,563.69,552.93,1.88,-1.16
24-Feb-11,547.37,550.91,560.63,537.27,5.38,-1.22
25-Feb-11,546.5,544.17,549.93,535.77,3.07,-0.16
28-Feb-11,546.6,542.15,565.31,541.56,3.23,0.02
1-ar-11,553.62,547.96,557.31,540.38,3.17,1.28
3-ar-11,566.27,551.35,568.63,545,3.45,2.28
4-ar-11,559.06,572.75,572.75,557.56,2.06,-1.27
7-ar-11,545.62,553.37,553.87,538.82,4.18,-2.4
8-ar-11,550.27,544.09,555.74,544.09,3.95,0.85
9-ar-11,554.7,552.66,560.27,550.66,2.42,0.81
10-ar-11,545.77,552.39,552.39,541.56,1.87,-1.61
11-ar-11,530.26,541.56,542.74,523.49,5.01,-2.84
14-ar-11,540.35,527.28,542.54,521.08,3.25,1.9
15-ar-11,536.54,529.25,539.32,524.65,3.41,-0.71
16-ar-11,548.87,537.62,553.1,537.2,2.68,2.3
17-ar-11,540.57,544.02,550.86,537.94,2.06,-1.51
18-ar-11,533.06,538.36,545.99,529.79,2.21,-1.39
21-ar-11,527.18,537.37,537.37,525.06,2.62,-1.1
22-ar-11,526.54,529.3,531.71,523.34,2.66,-0.12
23-ar-11,524.01,527.28,527.28,520.51,4.35,-0.48
24-ar-11,538.31,527.28,539.37,526.79,3.09,2.73
25-ar-11,551.23,549.85,555.59,543.4,4.15,2.4
28-ar-11,551.35,553.3,554.7,545.5,2.25,0.02
29-ar-11,560.61,551.4,567.11,550.98,3.16,1.68
30-ar-11,567.13,565.19,573.07,563.66,2.29,1.16
31-ar-11,582.86,567.16,589.8,567.16,7.39,2.77
1-Apr-11,581.02,583.4,590.17,577.28,1.8,-0.32
4-Apr-11,597.29,583.4,598.67,582.91,2.31,2.8
5-Apr-11,610.41,598.2,612.43,592.64,2.89,2.2
6-Apr-11,601.55,609.99,613.9,597.76,2.42,-1.45
7-Apr-11,590.4,600.64,600.64,588.4,2.15,-1.85
8-Apr-11,588.82,589.26,597.68,583.28,1.98,-0.27
11-Apr-11,580.16,581.02,588.33,578.63,2.26,-1.47
13-Apr-11,595.76,578.48,601.33,578.14,3.76,2.69
15-Apr-11,586.56,599.11,600.59,580.94,7.57,-1.54
18-Apr-11,563.51,589.8,596.94,561.27,7.77,-3.93
19-Apr-11,573.41,563.51,575.72,561.25,3.12,1.76
20-Apr-11,600,580.84,602.61,580.72,5.34,4.64
21-Apr-11,586.9,610.97,613.34,576.44,17.33,-2.18
25-Apr-11,589.73,589.31,592.76,577.32,4.19,0.48
26-Apr-11,585.37,590.79,591.77,581.12,3.16,-0.74
27-Apr-11,581.24,588.3,588.3,579,1.77,-0.71
28-Apr-11,570.43,581.02,582.67,568.93,2.85,-1.86
29-Apr-11,573.88,577,577,566.3,1.87,0.6
2-ay-11,570.33,576.02,579.71,567.4,1.54,-0.62
3-ay-11,560.49,572.08,572.08,556.82,2.12,-1.73
4-ay-11,559.8,564.2,564.2,549.02,2.72,-0.12
5-ay-11,548.94,563.71,563.71,545.54,1.89,-1.94
6-ay-11,565.66,551.4,567.9,551.28,2.41,3.05
9-ay-11,559.06,566.17,567.13,553.62,1.01,-1.17
10-ay-11,561.2,557.8,571.07,555.34,1.53,0.38
11-ay-11,561.37,560.76,567.01,554.41,1.46,0.03
12-ay-11,547.34,558.25,558.25,545.67,2.54,-2.5
13-ay-11,554.9,547.46,562.38,547.46,2.37,1.38
16-ay-11,556.87,551.9,564.89,551.4,2.23,0.36
17-ay-11,562.09,552.41,565.78,552.41,1.39,0.94
18-ay-11,568.66,562.36,571.83,562.36,2.23,1.17
19-ay-11,573.48,573.56,576.02,569.13,2.05,0.85
20-ay-11,578.48,577.87,582.62,572.7,2.05,0.87
23-ay-11,574.32,573.07,576.27,566.17,2.02,-0.72
24-ay-11,566.12,572.4,577.4,560.83,1.68,-1.43
25-ay-11,555.64,565.73,566.12,551.4,1.87,-1.85
26-ay-11,559.16,560.76,562.73,551.4,2.06,0.63
27-ay-11,563.49,565.46,566.12,559.43,1.29,0.77
30-ay-11,567.13,566.67,571.07,562.38,1.14,0.65
31-ay-11,569.69,568.63,579.81,566.22,2.64,0.45
1-Jun-11,578.68,569.62,579.47,569.62,982.39,1.58
2-Jun-11,574.91,570.55,577,569.45,1.7,-0.65
3-Jun-11,567.21,574.05,578.48,566.17,1.37,-1.34
6-Jun-11,573.24,561.25,575.04,561.25,1.36,1.06
7-Jun-11,580.6,572.57,582.49,570.11,1.84,1.28
8-Jun-11,581.63,576.96,583.4,572.82,2.13,0.18
9-Jun-11,584.07,578.48,587.74,578.48,2.69,0.42
10-Jun-11,585.47,584.17,589.56,583.45,3.77,0.24
13-Jun-11,578.63,585.47,586.11,577.28,3.23,-1.17
14-Jun-11,586.38,579.96,588.28,579.96,2.13,1.34
15-Jun-11,583.04,583.9,593.25,581.56,2.81,-0.57
16-Jun-11,566.74,582.42,583.85,565.31,2.34,-2.8
17-Jun-11,546.09,568.63,569.62,543.53,3.79,-3.64
20-Jun-11,526.44,548.94,550.91,520.88,5.31,-3.6
21-Jun-11,544.88,529.25,546.82,523.44,3.43,3.5
22-Jun-11,533.43,549.43,549.88,531.71,3.57,-2.1
23-Jun-11,540.08,532.6,542.05,526.84,2.43,1.25
24-Jun-11,560.14,541.56,561.62,541.06,4.15,3.71
27-Jun-11,566.47,552.39,568.49,552.39,3.13,1.13
28-Jun-11,568.14,571.1,572.08,559.11,2.13,0.29
29-Jun-11,575.95,568.49,580.4,568.49,2.96,1.37
30-Jun-11,583.01,575.92,586.85,574.54,5.17,1.23
1-Jul-11,586.8,589.8,589.8,580.8,1.92,0.65
4-Jul-11,583.75,587.34,590.79,580.94,1.6,-0.52
5-Jul-11,580.67,585.77,586.36,577.69,2.06,-0.53
6-Jul-11,582.32,580.08,587.29,576.86,1.49,0.28
7-Jul-11,588.77,582.47,590.79,582.47,2.6,1.11
8-Jul-11,576.83,588.82,593.25,575.65,3.41,-2.03
11-Jul-11,569.45,576.02,579.86,564.5,1.82,-1.28
12-Jul-11,563.88,559.13,565.58,547.51,4.08,-0.98
13-Jul-11,565.71,566.17,575.04,556.82,3.95,0.32
14-Jul-11,553.23,566.17,570.41,550.96,6.94,-2.21
15-Jul-11,564.23,575.04,579.91,561.79,7.28,1.99
18-Jul-11,553.89,565.19,567.16,552.54,3.13,-1.83
19-Jul-11,561.27,552.19,565.26,551.53,2.2,1.33
20-Jul-11,557.53,566.17,567.06,553.87,2.81,-0.67
21-Jul-11,552.66,557.31,557.56,551.43,1.85,-0.87
22-Jul-11,558,554.73,561.89,554.6,2.09,0.97
25-Jul-11,561.2,558.79,563.22,552.95,4.74,0.57
26-Jul-11,563.54,561.15,567.13,554.97,3.97,0.42
27-Jul-11,564.77,565.66,568.46,560.34,2.02,0.22
28-Jul-11,556.11,561.25,563.66,551.55,4.09,-1.53
29-Jul-11,559.77,557.8,562.23,552.22,1.72,0.66
1-Aug-11,558.91,562.43,566.12,553.91,1.98,-0.15
2-Aug-11,556.65,556.57,558.3,552.51,2.03,-0.4
3-Aug-11,546.65,551.4,554.21,539.27,3.06,-1.8
4-Aug-11,539.51,546.5,551.16,537.18,3.05,-1.31
5-Aug-11,520.85,528.34,528.76,506.11,5.27,-3.46
8-Aug-11,494.96,497.84,508.74,490.65,6.55,-4.97
9-Aug-11,474.99,475.09,485.04,466.58,8.16,-4.03
10-Aug-11,484.47,491.83,498.23,479.43,5.95,2
11-Aug-11,481.67,482.48,484.15,474.11,2.9,-0.58
12-Aug-11,466.31,487.67,488.34,461.55,4.17,-3.19
16-Aug-11,479.33,476.08,481.67,470.69,2.98,2.79
17-Aug-11,492.28,479.77,496.95,477.55,4.56,2.7
18-Aug-11,473.79,495.23,496.9,471.65,3.62,-3.76
19-Aug-11,457.34,464.26,466.21,445.55,5.44,-3.47
22-Aug-11,451.98,457.37,457.86,444.08,3.53,-1.17
23-Aug-11,483.27,453.36,486.42,453.11,4.87,6.92
24-Aug-11,473.91,481.49,481.49,470.17,3.19,-1.94
25-Aug-11,467.91,477.41,479.03,461.8,4.45,-1.27
26-Aug-11,466.95,468.25,477.31,462.79,3.58,-0.21
29-Aug-11,501.97,474.65,504.14,474.65,5.59,7.5
30-Aug-11,513.2,507.09,517.09,504.21,5.97,2.24
2-Sep-11,503.2,528.26,529.13,498.23,4.41,-1.95
5-Sep-11,505.96,500.1,508.67,491.56,3.79,0.55
6-Sep-11,509.01,501.19,513,494.79,4.76,0.6
7-Sep-11,507.59,509.11,516.94,504.63,4.43,-0.28
8-Sep-11,510.07,508.57,519.38,506.6,4.89,0.49
9-Sep-11,500.23,512.02,517.73,497.57,5.06,-1.93
12-Sep-11,485.28,492.32,494.22,481.81,3.3,-2.99
13-Sep-11,489.25,491.24,504.14,486.79,3.8,0.82
14-Sep-11,499.76,492.82,506.6,489.25,4.75,2.15
15-Sep-11,512.88,506.11,514.87,497.25,3.85,2.63
16-Sep-11,505.99,515.96,527.97,502.81,4.66,-1.34
19-Sep-11,501.21,502.91,508.33,498.48,2.24,-0.94
20-Sep-11,520.85,503.2,523.83,503.2,3.49,3.92
21-Sep-11,513.74,525.78,525.78,510.49,2.74,-1.37
22-Sep-11,489.57,503.65,509.06,485.53,3.14,-4.7
23-Sep-11,487.55,486.42,499.71,483.59,4.56,-0.41
26-Sep-11,490.82,490.36,496.26,477.06,3.39,0.67
27-Sep-11,512.29,499.12,514.48,495.28,3.96,4.37
28-Sep-11,515.91,516.2,524.18,510.54,4.43,0.71
29-Sep-11,522.58,513.62,525.8,509.9,5.38,1.29
30-Sep-11,510.69,516.89,523.83,508.62,2.69,-2.28
3-Oct-11,513.64,502.17,516.89,499.86,3.95,0.58
4-Oct-11,514.95,511.23,521.37,506.65,4.72,0.26
5-Oct-11,513.77,519.16,523.34,512.51,3.42,-0.23
7-Oct-11,516.23,529.3,530.63,510.79,5.09,0.48
10-Oct-11,524.18,515.96,528.76,515.96,3.85,1.54
11-Oct-11,512.44,529.25,530.73,509.31,4.48,-2.24
12-Oct-11,531.24,524.82,536.34,522.85,5.87,3.67
13-Oct-11,537.99,539.83,543.99,531.76,5.41,1.27
14-Oct-11,558.42,536.34,561.62,536.09,6.71,3.8
17-Oct-11,551.53,566.91,568.14,547.12,4.36,-1.23
18-Oct-11,508.84,522.85,523.96,502.42,12.01,-7.74
19-Oct-11,516.42,513.49,519.11,509.65,3.83,1.49
20-Oct-11,514.43,510.05,515.46,507.24,2.25,-0.39
21-Oct-11,516.87,519.35,521.86,513.49,2.46,0.47
24-Oct-11,531.59,521.86,537.77,521.62,3.27,2.85
25-Oct-11,540.89,536.14,545,527.5,4.16,1.75
26-Oct-11,539.54,544.02,546.48,538.28,411.92,-0.25
28-Oct-11,552.14,555.83,560.81,546.97,3.26,2.34
31-Oct-11,549.34,551.4,557.31,547.46,1.78,-0.51
1-Nov-11,545.72,545.5,552.88,539.71,1.46,-0.66
2-Nov-11,544.93,542.17,552.31,541.56,1.55,-0.14
3-Nov-11,544.02,540.47,546.18,535.16,1.89,-0.17
4-Nov-11,541.46,551.9,553.87,535.26,2.72,-0.47
8-Nov-11,544.14,539.59,548.84,539.59,1.69,0.49
9-Nov-11,552.86,546.48,564.2,544.66,3.92,1.6
11-Nov-11,556.82,546.48,561.74,545.13,3.63,0.72
14-Nov-11,555.54,561.25,569.13,553.62,2.33,-0.23
15-Nov-11,553.57,553.89,560.73,551.4,1.47,-0.35
16-Nov-11,550.05,554.36,557.71,544.12,1.87,-0.64
17-Nov-11,549.02,548.94,553.13,545.3,1.39,-0.19
18-Nov-11,534.96,544.39,546.38,529.89,2.79,-2.56
21-Nov-11,525.41,534.17,535.8,521.91,2.87,-1.79
22-Nov-11,532.62,526.25,539.1,520.39,3.72,1.37
23-Nov-11,523,532.67,532.67,512.51,2.36,-1.81
24-Nov-11,537.52,522.85,539.78,514.48,3.77,2.78
25-Nov-11,523.78,534.17,535.6,520.44,2.14,-2.56
28-Nov-11,535.9,530.7,539.59,528.76,1.5,2.31
29-Nov-11,538.26,538.11,544.46,534.76,2.55,0.44
30-Nov-11,549.21,532.28,552.86,532.28,3.48,2.03
1-Dec-11,558.69,561.25,565.46,554.46,2.48,1.73
2-Dec-11,579.96,558.71,583.4,556.13,3.97,3.81
5-Dec-11,581.41,577.25,582.86,572.35,1.53,0.25
7-Dec-11,580.72,580.94,587.29,577.79,2.64,-0.12
8-Dec-11,579.76,576.02,585.37,574.62,3.33,-0.17
9-Dec-11,577.2,571.59,582.32,571.59,2.76,-0.44
12-Dec-11,581.12,578.97,585.87,568.68,3.17,0.68
13-Dec-11,580.3,578.48,589.26,574.37,3.27,-0.14
14-Dec-11,582.15,581.19,585.37,576.02,3.35,0.32
15-Dec-11,582.17,580.8,585.82,568.44,3.67,0
16-Dec-11,564.35,579.24,582.2,557.46,3.55,-3.06
19-Dec-11,563.05,560.76,569.82,548.65,3.67,-0.23
20-Dec-11,557.98,563.88,566.71,555.47,1.81,-0.9
21-Dec-11,570.46,566.17,574.05,552.61,3.12,2.24
22-Dec-11,567.01,567.16,572.99,558.42,2.09,-0.6
23-Dec-11,569.69,566.67,572.08,560.81,1.58,0.47
26-Dec-11,585.08,569.69,585.96,567.9,2.23,2.7
27-Dec-11,580.67,583.6,585.87,576.02,983.9,-0.75
28-Dec-11,575.63,580.3,582.69,574,1.2,-0.87
29-Dec-11,573.9,572.82,580.01,570.85,1.59,-0.3
30-Dec-11,571.42,579.96,582.17,569.37,1.55,-0.43
2-Jan-12,580.25,571.59,583.87,567.65,2.25,1.55
3-Jan-12,589.61,582.54,595.66,580.94,2.71,1.61
4-Jan-12,577.5,593.2,593.25,575.68,2.39,-2.05
5-Jan-12,577,577.4,583.4,574.72,2.55,-0.09
6-Jan-12,575.72,574.05,585.05,569.52,2.12,-0.22
7-Jan-12,577.25,576.02,580.33,576.02,134.1,0.27
9-Jan-12,576.68,576.51,580.8,573.68,1.51,-0.1
10-Jan-12,573.75,578.48,583.65,570.36,3.59,-0.51
11-Jan-12,559.77,576.71,578.48,557.88,5.68,-2.44
12-Jan-12,536.39,542.05,548.94,526.12,9.53,-4.18
13-Jan-12,534.54,540.15,543.21,528.26,4.02,-0.34
16-Jan-12,546.18,533.68,548.45,531.17,3.05,2.18
17-Jan-12,543.5,551.35,553.72,538.6,3.7,-0.49
18-Jan-12,529.82,531.71,539.74,514.63,11.67,-2.52
19-Jan-12,529.52,535.16,536.09,524.52,4.16,-0.06
20-Jan-12,531.46,531.69,537.1,528.26,2.57,0.37
23-Jan-12,530.58,534.66,537.35,528.83,2.13,-0.17
24-Jan-12,535.99,535.65,539.1,530.73,2.64,1.02
25-Jan-12,540.57,539.05,546.46,537.15,5.85,0.85
27-Jan-12,545.86,544.02,551.67,541.61,5.21,0.98
30-Jan-12,547.34,542.79,550.89,541.93,2.6,0.27
31-Jan-12,557.51,547.96,559.23,547.96,3.54,1.86
1-Feb-12,555.69,556.03,558.79,545.62,2.29,-0.33
2-Feb-12,565.19,559.28,567.48,556.47,3.39,1.71
3-Feb-12,576.78,563.71,578.97,561.74,2.78,2.05
6-Feb-12,587.76,582.76,590.81,577.67,3.43,1.9
7-Feb-12,589.8,595.56,595.56,586.8,3.41,0.35
8-Feb-12,600.46,598.86,604.01,596.2,3.63,1.81
9-Feb-12,604.87,596.25,606.54,584.88,3.04,0.73
10-Feb-12,607.23,604.57,609.5,596.7,2.32,0.39
13-Feb-12,603.44,601.72,609.47,597.68,1.63,-0.62
14-Feb-12,600.64,603.1,605.34,598.17,1.83,-0.46
15-Feb-12,611.27,604.16,614.81,600.39,2.17,1.77
16-Feb-12,603.27,609.5,611.47,599.65,1.89,-1.31
17-Feb-12,604.94,607.95,617.37,601.13,4.1,0.28
21-Feb-12,609.03,602.38,610.48,593.13,2.49,0.68
22-Feb-12,616.56,608.02,623.7,605.07,3.14,1.24
23-Feb-12,620.23,614.94,627.66,612.45,4.09,0.6
24-Feb-12,625.25,619.84,630.59,618.97,2.35,0.81
27-Feb-12,616.41,629.68,630.15,613.24,1.86,-1.41
28-Feb-12,603.86,617.99,620.53,600.19,3.97,-2.04
29-Feb-12,601.6,610.48,610.48,596.82,3.06,-0.37
1-ar-12,600.44,602.11,604.06,595.74,1.57,-0.19
2-ar-12,599.28,603.59,604.08,594.24,2.31,-0.19
3-ar-12,599.85,600.14,602.53,597.19,65.42,0.1
5-ar-12,594.38,597.68,601.84,591.28,1.54,-0.91
6-ar-12,591.77,592.27,601.28,585.37,1.72,-0.44
7-ar-12,587.27,588.33,593.74,584.17,1.95,-0.76
9-ar-12,595,604.08,604.08,592.24,2.23,1.32
12-ar-12,585.4,598.62,600.07,582.52,2.24,-1.61
13-ar-12,589.31,585.87,598.15,585.87,2.49,0.67
14-ar-12,568.41,595.76,597.68,566.67,8.07,-3.55
15-ar-12,572.92,570.6,576.49,563.71,4.28,0.79
16-ar-12,575.8,576,580.94,570.11,2.05,0.5
19-ar-12,552.39,575.8,575.8,547.37,5.13,-4.07
20-ar-12,558.71,555.83,563.71,551.4,3.68,1.14
21-ar-12,578.85,559.75,580.84,559.55,4.55,3.6
22-ar-12,574.91,578.33,585.72,571.1,3.42,-0.68
23-ar-12,583.23,578.48,586.8,573.46,3.16,1.45
26-ar-12,571.88,579.47,583.4,568.14,3.05,-1.95
27-ar-12,578.36,577.5,580.77,567.13,1.59,1.13
28-ar-12,573.61,577.99,578.31,568.36,2.05,-0.82
29-ar-12,561.84,566.67,573.07,557.51,2.68,-2.05
30-ar-12,575.43,563.96,578.85,563.96,2.54,2.42
2-Apr-12,587.96,576.02,590.3,576.02,2.33,2.18
3-Apr-12,579.96,590.89,594.41,578.63,2.27,-1.36
4-Apr-12,580.18,575.53,585.77,574.54,2.17,0.04
9-Apr-12,573.11,576.02,584.88,570.23,1.58,-1.22
10-Apr-12,569.23,574.2,578.8,567.28,1.53,-0.68
11-Apr-12,560.31,566.03,568.63,558.89,1.78,-1.57
12-Apr-12,557.14,561.37,565.19,555.88,2.11,-0.57
13-Apr-12,525.97,537.3,543.87,522.48,8.99,-5.59
16-Apr-12,526.66,524.45,528.9,518.57,5.02,0.13
17-Apr-12,537.05,534.17,539.07,528.66,2.47,1.97
18-Apr-12,540.35,541.56,548.79,538.53,2.88,0.61
19-Apr-12,543.01,542,544.9,537.18,1.77,0.49
20-Apr-12,535.87,538.23,545.47,530.43,2.45,-1.31
23-Apr-12,523.96,538.58,542.74,515.78,2.84,-2.22
24-Apr-12,587.93,552.39,593.25,550.07,18.11,12.21
25-Apr-12,576.54,585.37,585.87,574.79,5.42,-1.94
26-Apr-12,588.16,576.02,591.72,573.31,5.48,2.02
27-Apr-12,592.76,585.87,596.7,585.87,3.71,0.78
28-Apr-12,591.7,590.79,593.25,588.87,103.75,-0.18
30-Apr-12,613.73,592.76,615.41,592.76,4.6,3.72
2-ay-12,623.9,611.52,627.42,611.52,3.98,1.66
3-ay-12,629.93,621.66,632.19,619.61,3.36,0.97
4-ay-12,628.6,630.18,637.68,621.83,3.57,-0.21
7-ay-12,626.85,620.33,629.44,614.62,2.63,-0.28
8-ay-12,591.13,603.1,607.87,588.65,9.63,-5.7
9-ay-12,603.37,588.33,607.82,587.88,9.27,2.07
10-ay-12,606.81,603.37,611.37,603.1,2.99,0.57
11-ay-12,605.93,602.61,608.96,601.23,2.75,-0.15
14-ay-12,603.57,604.23,607.53,600.64,2.57,-0.39
15-ay-12,603.74,602.61,607.04,600.54,1.88,0.03
16-ay-12,602.31,600.64,611.42,594.11,4.57,-0.24
17-ay-12,601.62,601.62,608.02,590.32,4.14,-0.11
18-ay-12,596.03,593.15,603.05,592.09,2.66,-0.93
21-ay-12,595.32,596.2,603.1,592.78,2.23,-0.12
22-ay-12,602.63,601.13,610.48,597.19,2.36,1.23
23-ay-12,603.17,607.04,608.29,597.73,2.16,0.09
24-ay-12,601.35,603.1,605.04,594.28,1.21,-0.3
25-ay-12,601.03,596.75,603.1,595.27,915.05,-0.05
28-ay-12,602.95,602.61,605.56,598.2,790.19,0.32
29-ay-12,610.65,604.57,614.42,599.85,1.58,1.28
30-ay-12,610.75,606.17,618.85,606.17,1.58,0.02
31-ay-12,613.12,601.13,618.31,601.13,4.41,0.39
1-Jun-12,602.9,610.48,612.94,599.9,1.48,-1.67
4-Jun-12,597.31,595.71,598.67,588.92,1.2,-0.93
5-Jun-12,603.84,597.68,606,597.68,2.06,1.09
6-Jun-12,615.97,605.56,622.18,605.12,3.29,2.01
7-Jun-12,610.58,613.93,615.36,606.32,2.15,-0.88
8-Jun-12,606,606.15,611.76,602.68,2.4,-0.75
11-Jun-12,607.31,607.04,613.46,604.13,1.55,0.22
12-Jun-12,614.47,601.18,616.88,601.18,1.09,1.18
13-Jun-12,615.6,614.91,620.33,611.76,1.45,0.18
14-Jun-12,617.37,614.91,621.07,612.94,1.47,0.29
15-Jun-12,626.46,617.4,630.18,614.91,1.99,1.47
18-Jun-12,618.93,628.21,633.3,615.41,1.5,-1.2
19-Jun-12,627.2,618.8,629.81,617.92,1.77,1.34
20-Jun-12,616.78,627.22,627.22,612.11,1.75,-1.66
21-Jun-12,602.63,612.97,616.39,595.22,4.16,-2.29
22-Jun-12,607.26,597.81,610.43,597.81,1.92,0.77
25-Jun-12,599.04,609.01,609.74,596.2,1.59,-1.35
26-Jun-12,608.07,599.41,609.01,599.18,1.11,1.51
27-Jun-12,613.78,608.64,619.74,608.64,2.31,0.94
28-Jun-12,619.76,613.9,622.25,608.64,1.89,0.97
29-Jun-12,628.92,621.98,633.62,621.76,1.99,1.48
2-Jul-12,620.06,629.68,629.68,618.58,2.11,-1.41
3-Jul-12,610.19,622.79,625.15,605.71,2.23,-1.59
4-Jul-12,614.35,612.21,615.16,606.32,1.3,0.68
5-Jul-12,610.78,614.35,614.35,608.12,1.52,-0.58
6-Jul-12,614.3,610.48,616.78,604.08,1.93,0.58
9-Jul-12,620.03,612.94,622.57,612.13,1.91,0.93
10-Jul-12,621.17,622.79,625.38,615.18,2.52,0.18
11-Jul-12,619.49,617.01,627.47,617.01,2.03,-0.27
12-Jul-12,608.51,603.1,615.41,600.29,7.86,-1.77
13-Jul-12,615.11,627.12,632.14,611.96,7.22,1.08
16-Jul-12,594.41,614.91,619.96,592.22,3.62,-3.37
17-Jul-12,583.85,599.65,602.61,578.58,6.38,-1.78
18-Jul-12,588.48,588.33,592.96,580.2,2.98,0.79
19-Jul-12,591.28,592.27,595.71,588.45,1.34,0.48
20-Jul-12,602.14,591.28,604.57,590.94,3.38,1.84
23-Jul-12,597.81,594.73,604.18,591.28,2.9,-0.72
24-Jul-12,595.29,594.78,599.97,589.36,1.65,-0.42
25-Jul-12,597.26,592.76,599.16,589.26,1.67,0.33
26-Jul-12,590.03,597.19,601.13,585.96,2.95,-1.21
27-Jul-12,603.25,598.17,605.66,592.39,1.84,2.24
30-Jul-12,606.05,607.97,611.89,597.95,2.63,0.46
31-Jul-12,612.28,608.02,615.04,603.71,1.98,1.03
1-Aug-12,602.93,609.55,612.85,601.67,1.3,-1.53
2-Aug-12,606.94,605.53,608.86,601.62,951.06,0.67
3-Aug-12,608.96,604.57,610.61,599.7,977.74,0.33
6-Aug-12,605.02,612.94,614.42,603.2,1.02,-0.65
7-Aug-12,622.32,609.99,623.38,607.85,2.1,2.86
8-Aug-12,615.01,622.79,623.6,613.63,1.64,-1.17
9-Aug-12,619.42,615.53,624.19,615.53,1.13,0.72
10-Aug-12,630.2,618.36,632.64,618.24,3.08,1.74
13-Aug-12,623.43,629.73,629.73,618.97,1.43,-1.07
14-Aug-12,624.46,620.33,626.85,619.96,1.14,0.17
16-Aug-12,622.08,625.33,626.02,616.44,1.79,-0.38
17-Aug-12,629.49,622.82,632.39,622.3,1.29,1.19
21-Aug-12,639.36,630.13,642.48,628.75,2.05,1.57
22-Aug-12,635.91,638,644.45,634.16,1.13,-0.54
23-Aug-12,651.57,635.96,652.82,635.96,2.34,2.46
24-Aug-12,651.27,649.87,654,646.42,1.58,-0.05
27-Aug-12,650.09,648,655.23,647.41,967.2,-0.18
28-Aug-12,665.08,653.29,666.93,647.41,2.27,2.31
29-Aug-12,661.34,664.64,668.58,657.25,2.14,-0.56
30-Aug-12,673.08,659.67,683.74,651.54,3.33,1.78
31-Aug-12,661.56,668.08,669.07,657.08,1.77,-1.71
3-Sep-12,658.66,664.64,667.05,656.27,1.22,-0.44
4-Sep-12,660.13,656.22,663.16,650.88,1.51,0.22
5-Sep-12,671.78,659.47,674.98,655.78,2.03,1.76
6-Sep-12,677.24,671.58,679.36,666.44,2.29,0.81
7-Sep-12,682.71,684.33,687.68,678.87,2.64,0.81
8-Sep-12,682.61,679.63,684.04,679.63,85.24,-0.01
10-Sep-12,675.2,680.98,681.33,672.49,1.48,-1.09
11-Sep-12,685.64,673.99,687.09,671.56,1.27,1.55
12-Sep-12,696.59,687.75,699.59,684.28,2.11,1.6
13-Sep-12,697.97,695.65,701.05,693.96,1.88,0.2
14-Sep-12,695.7,703.04,708.85,690.31,2.81,-0.33
17-Sep-12,660.75,698.24,699.86,657.5,5.09,-5.02
18-Sep-12,639.92,662.18,662.18,636.35,7.22,-3.15
20-Sep-12,650.85,637.56,658.19,635.89,4.04,1.71
21-Sep-12,642.02,652.28,655.92,639.18,4.25,-1.36
24-Sep-12,634.83,644.95,646.42,628.7,4.94,-1.12
25-Sep-12,636.67,635.15,644.82,631.31,3.82,0.29
26-Sep-12,632.93,637.66,642.48,631.16,3.29,-0.59
27-Sep-12,626.02,630.22,639.78,620.87,5.61,-1.09
28-Sep-12,638,629.58,642.48,628.45,2.91,1.91
1-Oct-12,641.47,637.56,644.85,636.6,1.8,0.54
3-Oct-12,651.17,640.51,652.33,640.51,2.32,1.51
4-Oct-12,648.47,649.87,650.68,644.28,1.32,-0.41
5-Oct-12,641.99,645.07,649.55,519.4,3.84,-1
8-Oct-12,636.43,644.95,647.53,632.86,1.69,-0.87
9-Oct-12,637.49,638.99,639.43,632.64,1.29,0.17
10-Oct-12,634.78,633.13,640.88,632.64,1.16,-0.43
11-Oct-12,634.83,635.22,640.78,633.15,1.64,0.01
12-Oct-12,639.26,629.58,646.74,626.83,2.47,0.7
15-Oct-12,637.39,637.07,641.2,633.87,814.53,-0.29
16-Oct-12,638,638.54,645.04,634.02,1.28,0.1
17-Oct-12,631.73,640.66,642.43,626.24,1.6,-0.98
18-Oct-12,643.64,633.25,645.44,630.27,1.45,1.89
19-Oct-12,634.95,644.45,645.63,631.16,2.83,-1.35
22-Oct-12,649.33,652.38,657.2,641.5,5.4,2.26
23-Oct-12,647.21,651.84,651.84,645.88,1.14,-0.33
25-Oct-12,647.58,647.41,651.79,642.11,2.25,0.06
26-Oct-12,647.55,643.07,650.85,643.07,1.05,0
29-Oct-12,644.16,645.44,649.77,640.42,815.63,-0.52
30-Oct-12,645.68,642.19,650.85,642.19,805.27,0.24
31-Oct-12,647.65,644.5,648.29,641.99,999.54,0.31
1-Nov-12,647.53,647.36,650.04,645.04,1.58,-0.02
2-Nov-12,655.38,652.28,658.73,649.08,1.67,1.21
5-Nov-12,654.59,657.7,661.36,652.48,1.22,-0.12
6-Nov-12,650.14,652.33,658.43,649.6,1.3,-0.68
7-Nov-12,655.53,652.33,656.44,650.61,1.06,0.83
8-Nov-12,655.38,651.84,657.11,648.19,1.24,-0.02
9-Nov-12,652.31,654.79,656.39,650.31,711.38,-0.47
12-Nov-12,657.01,649.87,663.65,649.87,1.47,0.72
13-Nov-12,652.48,657.33,658.34,650.88,143.01,-0.69
15-Nov-12,637.14,649.92,650.85,635.59,1.74,-2.35
16-Nov-12,633.52,639.92,643.37,630.22,1.6,-0.57
19-Nov-12,621.49,635.15,637.56,619.59,1.68,-1.9
20-Nov-12,626.63,627.71,631.6,618.38,1.26,0.83
21-Nov-12,631.26,628.33,637.41,628.33,941.74,0.74
22-Nov-12,628.43,631.21,632.19,625.74,611.62,-0.45
23-Nov-12,634.41,631.16,635.79,625.87,749.68,0.95
26-Nov-12,636.92,634.11,637.9,632.64,456.33,0.4
27-Nov-12,637.66,639.97,639.97,634.26,1.34,0.12
29-Nov-12,639.09,644.95,645.93,636.26,3.47,0.22
30-Nov-12,646.91,637.56,652.33,635.64,3.58,1.22
3-Dec-12,648.29,647.41,650.85,642.58,1.32,0.21
4-Dec-12,639.75,647.46,650.75,636.53,1.6,-1.32
5-Dec-12,638.99,640.02,643.74,634.41,1.79,-0.12
6-Dec-12,630.52,637.56,637.56,624.76,2.37,-1.33
7-Dec-12,622.37,628.53,630.52,618.88,1.96,-1.29
10-Dec-12,609.1,621.36,623.68,606.15,3.03,-2.13
11-Dec-12,600.49,608.02,611.96,595.88,4.93,-1.41
12-Dec-12,603.49,603.05,610.97,601.18,2.49,0.5
13-Dec-12,601.89,605.61,607.82,599.21,2.3,-0.27
14-Dec-12,611.91,599.16,612.94,598.74,2.2,1.66
17-Dec-12,593.5,610.06,614.86,591.82,4.48,-3.01
18-Dec-12,596.03,598.03,603.1,589.31,4.69,0.43
19-Dec-12,606.86,598.72,608.78,598.72,6.64,1.82
20-Dec-12,616.41,604.16,617.87,604.16,2.31,1.57
21-Dec-12,619.69,615.41,622.5,609.35,2.46,0.53
24-Dec-12,623.38,621.31,625.79,620.38,1.25,0.6
26-Dec-12,621.41,623.78,624.83,618.01,1.44,-0.32
27-Dec-12,615.87,622.74,622.74,614.25,1.99,-0.89
28-Dec-12,624.02,617.37,626.24,615.77,1.5,1.32
31-Dec-12,618.29,620.82,623.09,616.39,704.17,-0.92
1-Jan-13,622.37,623.75,624.22,620.33,509.58,0.66
2-Jan-13,621.95,623.78,626.43,618.14,1.88,-0.07
3-Jan-13,630.47,622.79,632.14,620.3,2.64,1.37
4-Jan-13,639.63,632.64,640.51,630.62,5.23,1.45
7-Jan-13,637.49,640.02,641.99,635.22,1.82,-0.33
8-Jan-13,640.14,637.56,642.14,637.22,2.34,0.42
9-Jan-13,628.5,640.51,643.67,626.8,3.14,-1.82
10-Jan-13,619.54,630.13,631.21,618.01,4.52,-1.43
11-Jan-13,643.15,635.1,651.1,635.1,7.81,3.81
14-Jan-13,657.01,649.38,663.87,643.64,5.79,2.16
15-Jan-13,658.46,684.33,689.25,653.31,8.26,0.22
16-Jan-13,663.53,658.19,667.1,644.45,4.11,0.77
17-Jan-13,670.55,664.49,675.37,661.19,3.03,1.06
18-Jan-13,665.13,670.79,672.54,658.75,1.44,-0.81
21-Jan-13,654.79,665.87,667.05,653.36,1.26,-1.55
22-Jan-13,648.64,652.82,655.63,644.01,1.39,-0.94
23-Jan-13,645.91,647.78,651.71,639.23,1.88,-0.42
24-Jan-13,654.08,642.48,658.19,642.48,3.5,1.26
25-Jan-13,659.96,651.71,662.18,651.71,1.52,0.9
28-Jan-13,662.2,659.86,664.61,658.71,2.43,0.34
29-Jan-13,662.15,660.31,667.86,659.86,1.73,-0.01
30-Jan-13,662.74,660.21,664.56,657.65,2.28,0.09
31-Jan-13,661.76,664.07,665.84,653.02,4.31,-0.15
1-Feb-13,663.7,661.68,665.62,660.77,1.48,0.29
4-Feb-13,667.76,664.15,673.4,662.25,2.49,0.61
5-Feb-13,669.59,662.23,672.02,662.23,2.16,0.27
6-Feb-13,674.76,670.79,677.39,670.55,3.57,0.77
7-Feb-13,682.93,670.05,684.33,670.05,2.61,1.21
8-Feb-13,700.38,682.36,707.47,681.92,6.97,2.56
11-Feb-13,696.49,701.07,703.48,695.29,2.31,-0.56
12-Feb-13,694.2,693.71,696.64,690.17,2.23,-0.33
13-Feb-13,706.68,694.08,709.76,691.77,3.82,1.8
14-Feb-13,712.74,704.07,716.73,703.53,2.95,0.86
15-Feb-13,710.01,710.92,714.76,704.34,1.82,-0.38
18-Feb-13,701.73,709,709.88,699.1,952.09,-1.17
19-Feb-13,710.7,699.89,713.33,695.51,744.29,1.28
20-Feb-13,715.25,709.69,717.32,709.69,2.26,0.64
21-Feb-13,714.39,709.29,717.24,709.29,3.85,-0.12
22-Feb-13,716.38,713.87,720.79,710.08,1.31,0.28
25-Feb-13,725.54,715.35,726.18,714.61,1.73,1.28
26-Feb-13,736.71,722.24,738.46,721.75,2.85,1.54
27-Feb-13,730.22,736.15,739.99,727.31,2.56,-0.88
28-Feb-13,746.86,731.72,750.79,731.22,4.6,2.28
1-ar-13,739.4,745.92,746.36,737.5,2.54,-1
4-ar-13,744.99,734.06,748.28,734.06,3.14,0.76
5-ar-13,758.25,746.86,759.66,742.72,3.44,1.78
6-ar-13,768.62,756.28,770.73,756.28,2.3,1.37
7-ar-13,782.75,768.52,786.54,767.71,3.91,1.84
8-ar-13,779.42,782.8,785.58,775.36,4.34,-0.43
11-ar-13,771.08,775.41,782.57,766.38,2.22,-1.07
12-ar-13,768.27,767.04,771.94,762.12,1.81,-0.36
13-ar-13,763.94,766.08,767.39,762.12,1.79,-0.56
14-ar-13,771.82,766.55,776.4,760.05,3.05,1.03
15-ar-13,773.07,773.93,778.07,768.32,4.21,0.16
18-ar-13,771.45,767.95,774.75,765.27,1.69,-0.21
19-ar-13,761.5,770.24,770.24,758.4,3.74,-1.29
20-ar-13,766.87,758.18,774.25,758.16,4.17,0.71
21-ar-13,768,769.5,775.12,764.92,1.66,0.15
22-ar-13,759.24,768.72,769.06,754.24,2.71,-1.14
25-ar-13,759.83,762.36,764.09,752.47,1.86,0.08
26-ar-13,766.23,758.23,772.95,756.28,1.78,0.84
28-ar-13,775.78,766.06,779.55,758.99,3.07,1.25
1-Apr-13,766.48,770.49,774.77,763.72,968.81,-1.2
2-Apr-13,771.64,766.06,773.54,758.8,1.13,0.67
3-Apr-13,759.85,772.95,775.41,753.75,959.93,-1.53
4-Apr-13,742.33,758.23,758.23,738.98,1.13,-2.31
5-Apr-13,737.67,740.95,743.09,730.66,1.87,-0.63
8-Apr-13,729.01,737.95,737.95,726.18,896.42,-1.17
9-Apr-13,737.21,728.64,744.89,727.46,1.67,1.12
10-Apr-13,753.48,743.36,757.64,738.98,2.05,2.21
11-Apr-13,756.65,758.18,763.15,748.68,2.24,0.42
12-Apr-13,744.27,729.58,750.55,727.83,5.03,-1.64
15-Apr-13,724.92,745.13,745.38,713.06,5.39,-2.6
16-Apr-13,730.19,723.72,735.26,717.78,3.07,0.73
17-Apr-13,717.14,736.03,737.99,704.52,5.28,-1.79
18-Apr-13,715.22,732.55,735.98,702.77,8.55,-0.27
22-Apr-13,701.71,711.9,718.7,701.56,2.96,-1.89
23-Apr-13,704.29,701.29,712.89,701.07,3.38,0.37
25-Apr-13,690.39,704.29,704.29,688.59,7.93,-1.97
26-Apr-13,674.16,685.81,686.03,672.07,4.75,-2.35
29-Apr-13,674.85,672.02,681.72,672.02,3.97,0.1
30-Apr-13,678.62,673.5,680.39,672.02,4.02,0.56
2-ay-13,705.94,676.21,708.36,676.21,5.63,4.03
3-ay-13,698.36,702.05,712.52,693.14,3.64,-1.07
6-ay-13,722.34,699.1,724.9,699.1,3.73,3.43
7-ay-13,724.5,722.29,728.07,717.51,2.26,0.3
8-ay-13,728.69,724.7,732.48,723.72,1.77,0.58
9-ay-13,737.72,730.22,740.19,730.12,1.95,1.24
10-ay-13,736.47,737.72,743.85,734.11,1.14,-0.17
11-ay-13,733.39,736.03,736.03,731.64,56.03,-0.42
13-ay-13,714.66,728.64,729.13,711.75,1.86,-2.55
14-ay-13,717.78,716.38,723.99,710.79,2.25,0.44
15-ay-13,724.48,717.86,727.26,713.87,3.57,0.93
16-ay-13,715.86,723.22,723.22,712.62,2.42,-1.19
17-ay-13,725.59,716.33,727.9,715.89,2.9,1.36
20-ay-13,724.9,724.33,727.66,719.29,1.39,-0.1
21-ay-13,734.97,721.26,739.47,721.26,1.9,1.39
22-ay-13,737.7,737.5,742.99,734.7,1.85,0.37
23-ay-13,734.89,736.03,751.66,727.83,3.06,-0.38
24-ay-13,723.5,738.49,739.94,720.57,1.59,-1.55
27-ay-13,737.5,723.47,738.49,718.79,2.02,1.94
28-ay-13,745.43,737.5,746.61,733.71,1.4,1.08
29-ay-13,737.18,746.36,752.03,731.15,1.45,-1.11
30-ay-13,738.19,738.49,744.39,732.09,2.41,0.14
31-ay-13,737.72,734.06,743.04,727.04,1.93,-0.06
3-Jun-13,723.42,740.46,741.93,717.37,3.1,-1.94
4-Jun-13,721.43,718.79,725.64,713.94,1.31,-0.28
5-Jun-13,722.63,719.34,725.02,715.2,1.73,0.17
6-Jun-13,724.09,715.69,727.9,714.88,2.54,0.2
7-Jun-13,747.82,723.77,757.69,722.73,3.55,3.28
10-Jun-13,750.82,750.82,760.49,747.89,3.36,0.4
11-Jun-13,739.25,753.35,759.16,734.55,2.21,-1.54
12-Jun-13,722.78,735.58,736.07,719.8,4.81,-2.23
13-Jun-13,711.73,718.79,720.76,706.53,3.15,-1.53
14-Jun-13,714.22,712.89,717.44,704.52,3.11,0.35
17-Jun-13,715.08,715.35,721.26,703.04,2.58,0.12
18-Jun-13,710.82,716.33,718.79,709.02,2.29,-0.6
19-Jun-13,702.89,716.28,716.28,700.85,2.14,-1.12
20-Jun-13,691.47,699.59,705.57,688.81,4.17,-1.62
21-Jun-13,700.21,693.59,704.93,693.19,2.85,1.26
24-Jun-13,694.52,696.64,706.04,689.3,1.89,-0.81
25-Jun-13,685.46,695.9,702.6,679.75,1.86,-1.3
26-Jun-13,707.81,687.73,712.76,679.92,2.33,3.26
27-Jun-13,734.5,712.79,737.01,709.93,3.82,3.77
28-Jun-13,747.42,736.03,750.45,717.91,4.82,1.76
1-Jul-13,734.72,744.39,746.71,730.31,1.35,-1.7
2-Jul-13,738.76,735.09,742.67,731.91,1.66,0.55
3-Jul-13,733.47,737.35,747.84,721.26,1.53,-0.72
4-Jul-13,757.34,733.98,758.67,733.56,1.92,3.25
5-Jul-13,753.35,759.16,767.04,749.32,1.29,-0.53
8-Jul-13,741.76,752.27,755.72,738.49,1.66,-1.54
9-Jul-13,740.9,736.17,749.19,736.17,1.1,-0.12
10-Jul-13,744.37,743.41,751.68,737.5,1.32,0.47
11-Jul-13,770.27,748.33,772.95,748.33,2.34,3.48
12-Jul-13,792.57,785.26,799.93,777.53,3.25,2.9
15-Jul-13,808.27,788.26,811.01,787.37,2.06,1.98
16-Jul-13,812.02,800.03,820.38,796.38,2.22,0.46
17-Jul-13,826.37,809.9,829.54,809.9,3,1.77
18-Jul-13,817.46,827.11,833.16,809.38,3.45,-1.08
19-Jul-13,858.02,846.31,866,836.95,8.55,4.96
22-Jul-13,859.84,857.14,865.9,850.88,2.97,0.21
23-Jul-13,861.47,860.58,876.56,858.42,1.65,0.19
24-Jul-13,877.72,860.83,882.25,859.11,2.18,1.89
25-Jul-13,884.09,876.34,891.11,869.79,4.09,0.73
26-Jul-13,873.63,883.72,885.67,861.62,2.38,-1.18
29-Jul-13,875.94,865.51,883.53,865.14,1.77,0.26
30-Jul-13,882.39,876.34,888.62,874.1,2.62,0.74
31-Jul-13,893.82,881.26,901.69,880.99,2.83,1.3
1-Aug-13,893.77,891.13,903.32,881.26,2.14,-0.01
2-Aug-13,908.76,895.88,910.75,894.41,1.85,1.68
5-Aug-13,919.27,905.88,924.29,905.88,2.36,1.16
6-Aug-13,920.7,922.12,926.53,918.01,2.31,0.16
7-Aug-13,897.36,922.62,930.94,892.81,2.69,-2.54
8-Aug-13,908.54,888.69,913.83,878.16,2.16,1.25
12-Aug-13,893.08,906.37,906.37,890.2,2.08,-1.7
13-Aug-13,895.93,896.13,908.26,891.08,2.17,0.32
14-Aug-13,902.68,898.25,914.74,887.17,3.3,0.75
16-Aug-13,876.78,898.1,900.95,864.3,2.78,-2.87
19-Aug-13,875.08,885.2,889.63,864.3,2.12,-0.19
20-Aug-13,854.87,881.16,881.16,851.72,2.72,-2.31
21-Aug-13,845.72,856.69,858.47,837.52,3.62,-1.07
22-Aug-13,875.82,839.41,884.78,834.59,4.26,3.56
23-Aug-13,900.68,883.23,904.89,878.45,4.03,2.84
26-Aug-13,906.86,897.56,924.88,893.08,2.66,0.69
27-Aug-13,905.29,905.38,925,900.95,1.95,-0.17
28-Aug-13,939.31,899.97,958.11,899.97,4.44,3.76
29-Aug-13,958.61,935.91,969.88,924.73,5.91,2.05
30-Aug-13,1000.99,954.62,1009.27,950.19,5.28,4.42
2-Sep-13,1012.64,994.5,1018.62,993.26,2.15,1.16
3-Sep-13,985.19,1009.31,1017.63,977.83,2.36,-2.71
4-Sep-13,1018.67,984.65,1023.44,981.67,2.63,3.4
5-Sep-13,980.09,1018.62,1018.62,975.32,3.93,-3.79
6-Sep-13,979.13,989.08,996.96,972.34,2.76,-0.1
10-Sep-13,978.69,977.76,992.87,975.29,4.3,-0.04
11-Sep-13,981.6,988.59,993.51,976.53,3.01,0.3
12-Sep-13,968.85,982.19,983.94,957.97,1.91,-1.3
13-Sep-13,961.88,967.42,979.73,958.33,2.1,-0.72
16-Sep-13,936.67,960.03,977.26,932.49,2.46,-2.62
17-Sep-13,958.78,935.42,961.29,933.99,3.33,2.36
18-Sep-13,962.25,956.12,967.32,954.08,2.11,0.36
19-Sep-13,968.06,959.05,979.73,948.46,3.91,0.6
20-Sep-13,960.18,960.03,979.68,955.6,3.59,-0.81
23-Sep-13,962.54,960.03,973.42,955.11,2.99,0.25
24-Sep-13,954.86,962.49,973.77,948.22,4.94,-0.8
25-Sep-13,964.49,955.85,970.35,945.36,4.33,1.01
26-Sep-13,956.54,962.4,971.9,952.7,4.92,-0.82
27-Sep-13,959.1,956.64,965.92,953.85,1.78,0.27
30-Sep-13,949.1,962,965.87,945.26,1.99,-1.04
1-Oct-13,959.57,951.17,962.42,943.64,1.59,1.1
3-Oct-13,996.76,970.77,1002.82,965.15,4.67,3.88
4-Oct-13,1001.19,1000.4,1018.62,997.92,1.93,0.44
7-Oct-13,1028.84,1001.88,1032.75,997.1,1.99,2.76
8-Oct-13,1014.9,1025.51,1032.9,1012.49,1.83,-1.35
9-Oct-13,1029.38,1011.97,1032.72,1006.85,1.78,1.43
10-Oct-13,1024.03,1027.97,1032.9,1017.76,1.16,-0.52
11-Oct-13,1044.74,1035.36,1052.59,1025.22,2.28,2.02
14-Oct-13,1089.39,1047.42,1095.42,1046.19,4.37,4.27
15-Oct-13,1090.7,1100.35,1112.09,1083.61,4.67,0.12
17-Oct-13,1038.04,1097.88,1097.88,1031.76,6.69,-4.83
18-Oct-13,1044.05,1036.24,1050.52,1014.95,5.35,0.58
21-Oct-13,1019.92,1046.19,1047.64,1009.27,3.69,-2.31
22-Oct-13,1028.64,1027.97,1037.65,1022.48,2.04,0.85
23-Oct-13,1014.75,1028.22,1035.36,1007.37,2.46,-1.35
24-Oct-13,988.93,1005.33,1025.19,985.56,3.62,-2.54
25-Oct-13,1018,982.19,1020.1,982.19,2.53,2.94
28-Oct-13,1016.13,1018.13,1028.86,1010.52,1.8,-0.18
29-Oct-13,1019.01,1016.65,1026.89,1008.23,1.83,0.28
30-Oct-13,1029.92,1019.23,1033.88,1019.23,2.11,1.07
31-Oct-13,1039.81,1028.47,1048.16,1023.74,3.52,0.96
1-Nov-13,1032.7,1038.8,1054.53,1029.5,1.35,-0.68
3-Nov-13,1033.39,1033.88,1038.51,1031.52,130.9,0.07
5-Nov-13,1005.33,1033.88,1036.34,1000.26,2.26,-2.72
6-Nov-13,1029.5,1015.67,1035.63,1013.72,1.67,2.4
7-Nov-13,1044.69,1033.88,1057.59,1024.18,1.96,1.48
8-Nov-13,1029.38,1048.65,1049.51,1019.7,1.61,-1.47
11-Nov-13,1031.25,1028.96,1053.57,1009.27,1.96,0.18
12-Nov-13,1027.56,1032.33,1044.56,1023.54,1,-0.36
13-Nov-13,1008.77,1033.36,1036.93,1006.14,1.21,-1.83
14-Nov-13,997.55,1020.1,1020.1,995.41,2.13,-1.11
18-Nov-13,1006.31,1007.3,1014.14,1000.53,2.83,0.88
19-Nov-13,999.37,1009.24,1011.73,995.09,2.08,-0.69
20-Nov-13,996.27,1007.71,1009.22,993.02,1.66,-0.31
21-Nov-13,978.05,996.07,1001.73,974.8,2.3,-1.83
22-Nov-13,985.07,980.22,990.06,977.31,1.49,0.72
25-Nov-13,991.17,988.59,997.87,981.25,1.95,0.62
26-Nov-13,981.55,986.18,992.75,978.25,2.05,-0.97
27-Nov-13,977.98,989.08,991.39,972.34,2.12,-0.36
28-Nov-13,977.07,981.25,982.95,969.88,2.81,-0.09
29-Nov-13,986.79,980.71,991.89,975.69,1.92,0.99
2-Dec-13,991.49,982.19,994.99,982.19,1.25,0.48
3-Dec-13,994.89,992.55,1005.33,992.06,1.45,0.34
4-Dec-13,984.67,994.45,1000.21,981.52,1.52,-1.03
5-Dec-13,978.32,992.53,1001.17,976.3,1.4,-0.64
6-Dec-13,984.8,980.22,989.57,980.22,1.45,0.66
9-Dec-13,987.04,998.93,999.39,984.65,1.83,0.23
10-Dec-13,1025.39,984.65,1028.47,984.65,3.65,3.89
11-Dec-13,1013.23,1023.54,1027.41,1005.82,1.56,-1.19
12-Dec-13,998.88,1006.8,1016.16,997.01,1.66,-1.42
13-Dec-13,985.54,1003.33,1006.8,982.19,3.46,-1.34
16-Dec-13,994.08,991.39,1004.24,987.18,2.86,0.87
17-Dec-13,1006.98,1000.21,1017.07,999.42,3,1.3
18-Dec-13,1012.12,1004.34,1019.6,1003.36,1.59,0.51
19-Dec-13,1024.77,1022.04,1038.8,1015.49,2.16,1.25
20-Dec-13,1044,1028.02,1048.65,1026.92,1.97,1.88
23-Dec-13,1038.34,1048.63,1055.27,1032.87,1.32,-0.54
24-Dec-13,1039.15,1043.63,1048.16,1035.97,870.16,0.08
26-Dec-13,1034.03,1041.27,1042.25,1029.67,2.3,-0.49
27-Dec-13,1063.74,1037.33,1068.29,1036.34,2.48,2.87
30-Dec-13,1061.48,1068.34,1070.93,1056.87,1.67,-0.21
31-Dec-13,1069.35,1063.47,1075.7,1058.94,1.25,0.74
